userId:ID(User-ID),:LABEL
0,User
2,User
3,User
4,User
5,User
7,User
8,User
11,User
12,User
13,User
14,User
15,User
17,User
18,User
19,User
22,User
23,User
24,User
25,User
26,User
27,User
31,User
33,User
36,User
37,User
39,User
41,User
42,User
44,User
45,User
47,User
48,User
50,User
51,User
52,User
53,User
54,User
56,User
57,User
58,User
59,User
61,User
62,User
63,User
65,User
69,User
70,User
71,User
72,User
73,User
74,User
75,User
77,User
79,User
83,User
84,User
85,User
87,User
89,User
90,User
91,User
92,User
94,User
96,User
98,User
99,User
100,User
102,User
103,User
104,User
105,User
106,User
107,User
110,User
111,User
112,User
113,User
114,User
115,User
116,User
118,User
119,User
121,User
122,User
123,User
124,User
125,User
127,User
129,User
130,User
132,User
134,User
135,User
137,User
138,User
139,User
140,User
60,User
143,User
144,User
145,User
146,User
148,User
149,User
150,User
152,User
154,User
156,User
157,User
158,User
159,User
160,User
161,User
128,User
162,User
163,User
164,User
166,User
167,User
170,User
171,User
172,User
173,User
175,User
176,User
178,User
179,User
180,User
182,User
185,User
189,User
191,User
192,User
193,User
194,User
197,User
198,User
199,User
200,User
202,User
203,User
204,User
205,User
207,User
208,User
212,User
213,User
215,User
216,User
218,User
219,User
220,User
223,User
224,User
228,User
229,User
230,User
232,User
237,User
239,User
240,User
241,User
242,User
244,User
245,User
246,User
247,User
248,User
251,User
254,User
255,User
256,User
257,User
258,User
259,User
260,User
262,User
265,User
266,User
267,User
268,User
269,User
270,User
272,User
273,User
274,User
276,User
277,User
280,User
281,User
282,User
283,User
284,User
285,User
288,User
289,User
290,User
292,User
293,User
294,User
296,User
297,User
298,User
300,User
301,User
303,User
304,User
305,User
307,User
308,User
311,User
313,User
314,User
316,User
318,User
319,User
320,User
322,User
323,User
326,User
328,User
329,User
330,User
331,User
333,User
334,User
337,User
339,User
341,User
342,User
343,User
344,User
347,User
349,User
350,User
351,User
353,User
354,User
356,User
360,User
361,User
362,User
364,User
365,User
368,User
371,User
372,User
373,User
375,User
376,User
377,User
378,User
379,User
380,User
382,User
383,User
384,User
385,User
387,User
388,User
389,User
392,User
393,User
394,User
395,User
396,User
397,User
398,User
399,User
402,User
404,User
406,User
407,User
409,User
410,User
412,User
413,User
414,User
417,User
419,User
421,User
424,User
426,User
427,User
428,User
429,User
431,User
432,User
435,User
436,User
439,User
441,User
442,User
443,User
445,User
446,User
447,User
449,User
451,User
452,User
453,User
454,User
455,User
457,User
458,User
460,User
461,User
462,User
464,User
465,User
466,User
472,User
473,User
474,User
475,User
476,User
477,User
479,User
483,User
484,User
485,User
486,User
487,User
490,User
491,User
492,User
493,User
495,User
496,User
497,User
498,User
499,User
502,User
503,User
504,User
505,User
506,User
508,User
511,User
512,User
516,User
519,User
521,User
523,User
524,User
526,User
528,User
529,User
531,User
536,User
538,User
539,User
540,User
541,User
542,User
544,User
547,User
549,User
554,User
557,User
560,User
561,User
562,User
563,User
564,User
565,User
566,User
568,User
570,User
571,User
572,User
573,User
574,User
575,User
577,User
579,User
582,User
583,User
585,User
590,User
593,User
594,User
595,User
596,User
597,User
599,User
600,User
602,User
604,User
605,User
607,User
608,User
609,User
611,User
613,User
614,User
616,User
617,User
618,User
619,User
621,User
624,User
626,User
627,User
630,User
632,User
637,User
641,User
642,User
643,User
647,User
648,User
649,User
650,User
654,User
655,User
656,User
657,User
659,User
660,User
661,User
662,User
663,User
665,User
666,User
669,User
670,User
671,User
672,User
673,User
675,User
676,User
677,User
679,User
680,User
683,User
684,User
688,User
689,User
690,User
691,User
692,User
694,User
695,User
696,User
697,User
699,User
701,User
702,User
703,User
704,User
707,User
708,User
710,User
711,User
713,User
714,User
715,User
717,User
718,User
719,User
721,User
723,User
724,User
726,User
727,User
728,User
730,User
731,User
736,User
737,User
738,User
739,User
740,User
741,User
742,User
743,User
744,User
745,User
746,User
748,User
750,User
751,User
752,User
753,User
754,User
755,User
756,User
758,User
759,User
760,User
761,User
763,User
766,User
767,User
769,User
770,User
771,User
773,User
774,User
775,User
776,User
777,User
778,User
779,User
780,User
782,User
784,User
785,User
787,User
183,User
789,User
791,User
793,User
794,User
795,User
798,User
799,User
800,User
802,User
803,User
808,User
809,User
811,User
812,User
814,User
815,User
816,User
817,User
818,User
819,User
821,User
823,User
825,User
826,User
828,User
830,User
831,User
832,User
833,User
834,User
836,User
839,User
840,User
841,User
844,User
845,User
846,User
847,User
848,User
851,User
853,User
855,User
856,User
857,User
858,User
860,User
862,User
864,User
865,User
869,User
870,User
871,User
872,User
873,User
874,User
875,User
876,User
881,User
885,User
886,User
888,User
889,User
890,User
891,User
892,User
893,User
894,User
896,User
897,User
898,User
901,User
902,User
903,User
904,User
905,User
906,User
907,User
908,User
913,User
914,User
917,User
920,User
921,User
922,User
923,User
924,User
925,User
926,User
929,User
930,User
931,User
932,User
933,User
934,User
936,User
937,User
938,User
939,User
940,User
941,User
942,User
943,User
944,User
945,User
947,User
949,User
950,User
952,User
954,User
955,User
958,User
962,User
964,User
965,User
967,User
970,User
972,User
973,User
975,User
976,User
977,User
978,User
979,User
980,User
982,User
985,User
986,User
992,User
995,User
998,User
1001,User
1003,User
1008,User
1009,User
1010,User
1015,User
1017,User
1018,User
1021,User
1023,User
1024,User
1025,User
1027,User
1028,User
1029,User
1030,User
1032,User
1034,User
1037,User
1038,User
1041,User
1042,User
1044,User
1045,User
1047,User
210,User
1049,User
1050,User
1052,User
640,User
1053,User
1054,User
1055,User
1058,User
1059,User
1061,User
1064,User
1066,User
1068,User
1069,User
1071,User
1074,User
1075,User
1076,User
1080,User
1082,User
1086,User
1090,User
1091,User
1092,User
1093,User
1097,User
1098,User
1099,User
1100,User
1102,User
1103,User
1104,User
1105,User
1107,User
1108,User
1109,User
1110,User
1111,User
1112,User
1113,User
1114,User
1116,User
1117,User
1118,User
1120,User
1122,User
1123,User
1124,User
1125,User
1126,User
1127,User
1129,User
1131,User
1132,User
1133,User
1135,User
1137,User
1138,User
1140,User
1142,User
1145,User
1146,User
1149,User
1151,User
1153,User
1154,User
1155,User
1156,User
1158,User
1160,User
1161,User
1162,User
1164,User
1165,User
1166,User
1167,User
1168,User
1170,User
1172,User
1174,User
1175,User
1176,User
1178,User
1180,User
1182,User
1185,User
1186,User
1187,User
1188,User
1189,User
1190,User
1191,User
1192,User
1195,User
1198,User
1199,User
1202,User
1204,User
1205,User
1207,User
1211,User
1215,User
1216,User
1217,User
1218,User
1219,User
1220,User
1222,User
1223,User
1224,User
1228,User
1229,User
1230,User
1231,User
1232,User
1234,User
1235,User
1237,User
1238,User
1239,User
1240,User
1242,User
1244,User
1245,User
1246,User
217,User
1249,User
1251,User
1252,User
1253,User
1255,User
1257,User
1262,User
1264,User
1265,User
1266,User
1267,User
1270,User
1272,User
1277,User
1278,User
1279,User
1280,User
1281,User
1283,User
1284,User
1285,User
1286,User
1291,User
1293,User
1296,User
1298,User
1299,User
1300,User
1301,User
1302,User
1303,User
1304,User
1306,User
1310,User
1313,User
1314,User
1315,User
1316,User
1318,User
1320,User
1324,User
1327,User
1329,User
1331,User
1333,User
1335,User
1336,User
1338,User
1339,User
1341,User
1342,User
1343,User
1347,User
1348,User
1349,User
1350,User
1352,User
1353,User
1358,User
1360,User
1362,User
1364,User
1365,User
1367,User
1368,User
1369,User
1371,User
1376,User
1377,User
1378,User
1379,User
1380,User
1381,User
1382,User
1383,User
1384,User
1386,User
1387,User
994,User
1389,User
1390,User
1391,User
1392,User
1393,User
1394,User
1396,User
1399,User
1400,User
1401,User
1404,User
1405,User
1415,User
1418,User
1419,User
1420,User
1422,User
1423,User
1424,User
1426,User
1427,User
1428,User
1429,User
1432,User
1434,User
1435,User
1437,User
1441,User
1442,User
1443,User
1448,User
1452,User
1453,User
1458,User
1459,User
1460,User
1462,User
1468,User
1469,User
1470,User
1471,User
1476,User
1012,User
1478,User
1479,User
1480,User
1481,User
1482,User
1484,User
1486,User
1487,User
1489,User
1490,User
1492,User
1495,User
1497,User
1498,User
1500,User
1502,User
1506,User
252,User
1507,User
1508,User
1509,User
1511,User
1048,User
1512,User
6,User
1513,User
1514,User
1515,User
1516,User
1517,User
1518,User
1519,User
1521,User
1522,User
1524,User
1526,User
1530,User
1531,User
1532,User
1534,User
1537,User
1539,User
1540,User
1541,User
1542,User
1543,User
1544,User
1546,User
1547,User
1548,User
1549,User
1551,User
1553,User
1555,User
525,User
1557,User
1560,User
1561,User
1562,User
1564,User
32,User
1567,User
1570,User
1572,User
1573,User
1576,User
1577,User
1578,User
1580,User
1583,User
1586,User
1587,User
1588,User
1589,User
1591,User
1592,User
532,User
1594,User
1595,User
1596,User
1597,User
1598,User
1599,User
386,User
1600,User
535,User
1601,User
1602,User
1603,User
1605,User
1606,User
1607,User
1608,User
1610,User
1612,User
1613,User
1614,User
1615,User
1617,User
1618,User
1622,User
1623,User
1624,User
1625,User
1626,User
1627,User
1628,User
1631,User
1632,User
1634,User
1636,User
1637,User
1638,User
1640,User
1641,User
1644,User
1645,User
1647,User
1648,User
1653,User
1654,User
1655,User
1659,User
1660,User
1661,User
1663,User
1665,User
1666,User
1668,User
1671,User
1672,User
1673,User
1674,User
1675,User
1676,User
1677,User
1680,User
1683,User
1684,User
1685,User
1690,User
1691,User
1692,User
1694,User
1695,User
1696,User
1697,User
1698,User
1699,User
1701,User
1702,User
1704,User
1708,User
1710,User
1711,User
1712,User
1714,User
1715,User
1716,User
1717,User
1718,User
1719,User
1721,User
1722,User
1723,User
1073,User
1725,User
1726,User
1727,User
1729,User
1730,User
1731,User
1732,User
1733,User
1734,User
1735,User
1736,User
1737,User
1740,User
1741,User
1742,User
1183,User
1744,User
1745,User
1747,User
1748,User
1749,User
1750,User
1582,User
1752,User
1753,User
1754,User
1755,User
1756,User
1758,User
1759,User
1761,User
1763,User
1765,User
1768,User
1769,User
1770,User
1773,User
1774,User
910,User
1776,User
1777,User
1778,User
1781,User
1782,User
1783,User
1784,User
1785,User
1788,User
807,User
1791,User
1794,User
1797,User
1799,User
1800,User
1801,User
1802,User
1803,User
1805,User
1808,User
1809,User
1811,User
1813,User
1814,User
1815,User
1816,User
1818,User
1819,User
1821,User
1822,User
1824,User
1825,User
1827,User
1828,User
1830,User
1832,User
1835,User
1836,User
1837,User
1838,User
1841,User
1843,User
1844,User
1845,User
1846,User
1847,User
1848,User
1850,User
1851,User
1853,User
1855,User
1856,User
1858,User
1859,User
1862,User
1864,User
1865,User
1867,User
1870,User
1871,User
1873,User
1874,User
1875,User
1876,User
1877,User
1880,User
1882,User
1883,User
1884,User
1886,User
1887,User
1888,User
1891,User
1892,User
1893,User
1894,User
1895,User
1896,User
1897,User
1898,User
1899,User
1900,User
1901,User
1902,User
1903,User
1906,User
1907,User
1908,User
1909,User
1910,User
1911,User
1913,User
1914,User
1915,User
1918,User
1919,User
1920,User
1921,User
1923,User
1924,User
1925,User
1928,User
1930,User
1935,User
1936,User
1938,User
1939,User
1940,User
1941,User
1943,User
1945,User
1947,User
1948,User
1950,User
1952,User
1954,User
1958,User
1959,User
1962,User
1964,User
1966,User
1967,User
1968,User
1969,User
1970,User
1971,User
1972,User
1973,User
1974,User
1975,User
1976,User
1979,User
1980,User
1981,User
278,User
1983,User
1985,User
1987,User
1988,User
1989,User
1990,User
1467,User
1992,User
1993,User
1994,User
1995,User
1998,User
1999,User
2000,User
2003,User
2004,User
2005,User
2006,User
2007,User
2009,User
2011,User
2013,User
2014,User
2016,User
2017,User
2018,User
2021,User
2022,User
2023,User
2024,User
2025,User
2026,User
2027,User
2029,User
2030,User
2032,User
2035,User
2036,User
2039,User
2040,User
2041,User
2042,User
2043,User
2045,User
2046,User
2047,User
2048,User
2049,User
2052,User
2056,User
2058,User
2059,User
2060,User
2061,User
2062,User
2063,User
2065,User
2069,User
2070,User
2072,User
2073,User
2074,User
2081,User
2082,User
2083,User
2087,User
2088,User
2090,User
2091,User
2092,User
2094,User
2095,User
2096,User
2098,User
2101,User
2102,User
2103,User
2104,User
2105,User
2107,User
2109,User
2110,User
2111,User
2113,User
2114,User
2115,User
2116,User
2117,User
2118,User
2119,User
2120,User
2121,User
2123,User
2127,User
2129,User
2130,User
2131,User
2132,User
2133,User
2134,User
2135,User
2137,User
2138,User
2139,User
2141,User
2143,User
1254,User
2144,User
2145,User
2146,User
2147,User
2148,User
2149,User
2153,User
2156,User
2157,User
2160,User
2162,User
2163,User
2166,User
2167,User
2170,User
2171,User
2173,User
2175,User
2176,User
2177,User
2178,User
2179,User
2183,User
2185,User
2188,User
2189,User
2190,User
2191,User
2192,User
2193,User
2194,User
2195,User
2197,User
2198,User
2199,User
2200,User
2201,User
2203,User
2204,User
2205,User
2206,User
2210,User
2212,User
2213,User
2214,User
2215,User
2216,User
2217,User
2218,User
2219,User
2220,User
2221,User
2222,User
2223,User
2224,User
2225,User
2226,User
2227,User
2228,User
2229,User
2230,User
2233,User
2235,User
2236,User
2239,User
2241,User
2243,User
2244,User
2246,User
2248,User
2250,User
2254,User
2257,User
2259,User
2264,User
2266,User
2268,User
2271,User
2272,User
2274,User
2275,User
2277,User
2278,User
2279,User
2280,User
2281,User
2282,User
2284,User
2285,User
2287,User
2290,User
2292,User
2293,User
2294,User
2295,User
2296,User
2298,User
2299,User
2300,User
2301,User
2302,User
2303,User
2304,User
2306,User
2309,User
2310,User
2313,User
2315,User
2316,User
2318,User
2319,User
2320,User
2325,User
2326,User
2327,User
2328,User
2329,User
2330,User
2331,User
2332,User
2333,User
2335,User
2336,User
2337,User
2338,User
2339,User
2340,User
2342,User
2343,User
2345,User
2346,User
2348,User
2349,User
2351,User
2352,User
2353,User
2354,User
2356,User
2357,User
2358,User
900,User
2360,User
2361,User
2362,User
2363,User
2364,User
2365,User
2367,User
2368,User
2371,User
2372,User
2373,User
2374,User
2375,User
2376,User
2378,User
2380,User
2381,User
2382,User
2383,User
2385,User
2387,User
2389,User
2390,User
2391,User
2394,User
2395,User
2396,User
2397,User
2398,User
2403,User
2408,User
2411,User
2412,User
2414,User
2415,User
2416,User
2417,User
2421,User
2422,User
2423,User
2424,User
2425,User
2426,User
2428,User
2429,User
2431,User
2432,User
2433,User
2434,User
2435,User
2436,User
2437,User
2439,User
2441,User
2442,User
2443,User
2444,User
2445,User
2448,User
2449,User
2450,User
2451,User
2452,User
2453,User
2454,User
2455,User
2456,User
2457,User
2458,User
2459,User
2460,User
2461,User
2462,User
2463,User
2464,User
2465,User
2466,User
2467,User
2468,User
2473,User
2474,User
2475,User
2476,User
2477,User
2479,User
2480,User
2481,User
2482,User
2483,User
2484,User
2485,User
2486,User
2488,User
2489,User
2493,User
2494,User
2495,User
2497,User
2499,User
2500,User
2501,User
2503,User
1019,User
155,User
2504,User
2506,User
2507,User
2508,User
2509,User
2511,User
2512,User
2513,User
2515,User
2516,User
2517,User
1292,User
2518,User
2519,User
2520,User
2522,User
2524,User
2525,User
2526,User
1575,User
2527,User
2528,User
2529,User
2530,User
2531,User
2532,User
2533,User
2534,User
80,User
2535,User
2537,User
2539,User
2541,User
2542,User
2543,User
2545,User
2546,User
2547,User
2548,User
2550,User
2551,User
2552,User
2553,User
2554,User
2556,User
2558,User
2560,User
2563,User
2566,User
2567,User
2568,User
2569,User
2571,User
2572,User
2573,User
2577,User
2578,User
2579,User
2581,User
2584,User
2586,User
2589,User
2590,User
2593,User
2594,User
2595,User
2596,User
2598,User
2599,User
2600,User
2604,User
2605,User
2607,User
2609,User
2610,User
2611,User
2613,User
2614,User
2615,User
2620,User
2621,User
2622,User
2624,User
2625,User
2627,User
2628,User
2629,User
2630,User
2632,User
2633,User
2635,User
2637,User
2640,User
2641,User
2642,User
2643,User
2644,User
2646,User
2647,User
2650,User
2651,User
2655,User
2657,User
1510,User
2369,User
2658,User
2659,User
2661,User
2662,User
556,User
2663,User
2664,User
2666,User
2667,User
2669,User
2670,User
2671,User
1282,User
2672,User
1274,User
2674,User
2675,User
2676,User
2677,User
2678,User
2679,User
2680,User
2683,User
2684,User
2686,User
2687,User
2688,User
2689,User
2690,User
2693,User
2695,User
1795,User
2697,User
2698,User
2700,User
2702,User
2705,User
2707,User
2709,User
2710,User
2711,User
2712,User
2713,User
2714,User
2715,User
2716,User
2717,User
2718,User
2721,User
2723,User
2724,User
2726,User
2727,User
2729,User
2730,User
2733,User
2734,User
2738,User
2739,User
2740,User
2742,User
2744,User
2745,User
2747,User
2748,User
2751,User
2752,User
2754,User
2756,User
2757,User
1464,User
2760,User
2764,User
2765,User
2766,User
2767,User
2769,User
2770,User
2771,User
2772,User
2773,User
2774,User
2775,User
2776,User
2777,User
1256,User
2778,User
2779,User
2781,User
2783,User
2784,User
2785,User
2786,User
2787,User
2788,User
2791,User
2792,User
2794,User
2795,User
2796,User
2797,User
2798,User
2799,User
2801,User
2802,User
2803,User
2804,User
2805,User
2806,User
2809,User
2810,User
2811,User
2812,User
2813,User
2815,User
2816,User
2817,User
2821,User
2822,User
2828,User
2830,User
2831,User
2833,User
2835,User
2836,User
2161,User
2839,User
2842,User
2846,User
2849,User
2853,User
2855,User
2857,User
2859,User
2866,User
2867,User
2868,User
2872,User
2875,User
2876,User
2877,User
2879,User
2881,User
2884,User
2885,User
2886,User
2888,User
2889,User
2890,User
2893,User
2898,User
2899,User
2900,User
2902,User
2905,User
2906,User
2907,User
2909,User
2910,User
2912,User
2913,User
2914,User
2916,User
2917,User
2921,User
2922,User
2923,User
2925,User
2926,User
2928,User
2929,User
2930,User
2932,User
2933,User
2934,User
2935,User
2936,User
2937,User
2939,User
2940,User
2941,User
2942,User
2946,User
2947,User
2950,User
2951,User
2953,User
2955,User
2956,User
2960,User
2961,User
2965,User
2970,User
2972,User
2973,User
2977,User
2978,User
2979,User
2982,User
2984,User
2985,User
2988,User
2989,User
2991,User
2992,User
2993,User
2994,User
2995,User
2997,User
2998,User
2999,User
3000,User
3001,User
3002,User
3005,User
3006,User
3011,User
3012,User
3013,User
3014,User
3015,User
3016,User
3017,User
3019,User
3020,User
3021,User
3022,User
3028,User
3029,User
3032,User
3033,User
3041,User
3042,User
3045,User
3046,User
3047,User
3048,User
3050,User
3051,User
3052,User
3061,User
3062,User
3063,User
3065,User
3066,User
3067,User
3069,User
3070,User
3071,User
3072,User
3074,User
3075,User
3076,User
3080,User
3081,User
3082,User
3083,User
3085,User
3086,User
3087,User
3088,User
3089,User
3091,User
3092,User
3093,User
3094,User
3095,User
3096,User
3097,User
3100,User
3101,User
3104,User
3106,User
3107,User
3108,User
3110,User
3118,User
3120,User
3122,User
3130,User
3138,User
3139,User
3142,User
3144,User
3145,User
3149,User
3151,User
3152,User
3157,User
3160,User
3162,User
3163,User
3164,User
3167,User
3169,User
3170,User
3171,User
3174,User
3175,User
3176,User
3178,User
3179,User
3180,User
3182,User
3183,User
3185,User
3187,User
3188,User
3190,User
3191,User
3192,User
1494,User
3195,User
3197,User
3201,User
3202,User
3203,User
3205,User
3206,User
3208,User
3209,User
3210,User
3211,User
3214,User
3215,User
3217,User
3219,User
3221,User
3222,User
3223,User
3225,User
3227,User
3228,User
3229,User
3232,User
1020,User
3233,User
3234,User
3236,User
3237,User
3238,User
3241,User
3243,User
3245,User
3246,User
3247,User
3248,User
3249,User
3252,User
3256,User
3261,User
3262,User
3263,User
3264,User
3265,User
3269,User
3270,User
3272,User
3273,User
3274,User
3276,User
3277,User
3278,User
3282,User
3284,User
3285,User
3286,User
3287,User
3288,User
3290,User
3292,User
3294,User
3295,User
3296,User
3297,User
3298,User
3299,User
3300,User
3301,User
3303,User
3305,User
3307,User
3308,User
3309,User
3310,User
3312,User
3313,User
3314,User
3316,User
3318,User
3319,User
3321,User
3322,User
3323,User
3324,User
3326,User
3327,User
3328,User
3330,User
3331,User
3334,User
3335,User
3336,User
3337,User
3338,User
3339,User
3340,User
3341,User
3342,User
3343,User
3344,User
3345,User
3347,User
3349,User
3350,User
3351,User
3352,User
3353,User
3357,User
3358,User
3361,User
3362,User
3363,User
3364,User
3365,User
3366,User
3369,User
3371,User
3372,User
3373,User
3374,User
3375,User
3378,User
3379,User
3380,User
3381,User
3382,User
3383,User
1881,User
3388,User
3389,User
3390,User
3393,User
3395,User
3396,User
3397,User
3398,User
3399,User
3400,User
3402,User
3403,User
3406,User
3407,User
3408,User
3409,User
3410,User
3411,User
3412,User
3413,User
3414,User
3415,User
3416,User
3417,User
3418,User
3420,User
3421,User
3422,User
3424,User
3425,User
3426,User
3427,User
3429,User
3430,User
3432,User
3433,User
3434,User
3435,User
3439,User
3440,User
3442,User
3444,User
3449,User
3452,User
3453,User
3454,User
3457,User
3458,User
3459,User
3460,User
3461,User
3462,User
3463,User
3464,User
3465,User
3467,User
3468,User
3470,User
3472,User
3474,User
3475,User
3476,User
3477,User
3478,User
3484,User
3486,User
3490,User
3491,User
3492,User
3493,User
3494,User
3496,User
3497,User
3498,User
3499,User
3500,User
3501,User
3502,User
3504,User
3505,User
3507,User
3509,User
3511,User
3512,User
3513,User
3514,User
3515,User
3516,User
3517,User
3518,User
3519,User
3520,User
3521,User
3522,User
3523,User
3524,User
3525,User
3526,User
3527,User
3528,User
3529,User
3530,User
3531,User
3532,User
3533,User
3534,User
3536,User
3537,User
3539,User
3541,User
3542,User
3543,User
3544,User
3545,User
3546,User
3547,User
3548,User
3549,User
3550,User
3551,User
3552,User
3553,User
3554,User
3555,User
3556,User
3558,User
3559,User
3560,User
3561,User
3562,User
3563,User
3564,User
3565,User
3566,User
3567,User
3568,User
3569,User
3570,User
3571,User
3572,User
3575,User
3576,User
3577,User
3578,User
3581,User
3582,User
3584,User
3586,User
3588,User
999,User
3590,User
3593,User
3594,User
3596,User
3597,User
3598,User
3599,User
3600,User
151,User
3601,User
3602,User
3603,User
3604,User
231,User
3606,User
3610,User
3611,User
3612,User
3613,User
3614,User
2265,User
3616,User
3617,User
3619,User
3620,User
3621,User
3624,User
3625,User
3627,User
3628,User
3630,User
3631,User
3632,User
3634,User
3636,User
3638,User
3641,User
3642,User
3643,User
3644,User
3646,User
3649,User
3650,User
3651,User
3652,User
3655,User
3657,User
3658,User
3660,User
3663,User
3665,User
3666,User
3667,User
3669,User
3670,User
3672,User
3673,User
3674,User
3675,User
3680,User
3681,User
3682,User
3683,User
3685,User
3686,User
3687,User
3688,User
3692,User
3693,User
3695,User
3698,User
3701,User
3702,User
3703,User
3704,User
3706,User
3708,User
3709,User
3716,User
3717,User
3719,User
3721,User
3722,User
3723,User
3724,User
3725,User
3727,User
3728,User
3729,User
3731,User
3732,User
3733,User
3734,User
3738,User
3740,User
3742,User
3744,User
3745,User
3746,User
3747,User
3748,User
3749,User
3752,User
3753,User
3754,User
3756,User
3759,User
3764,User
3766,User
3767,User
3768,User
3770,User
3771,User
3772,User
3773,User
3775,User
3776,User
3777,User
3778,User
3779,User
3780,User
3781,User
3782,User
3784,User
3788,User
3789,User
3790,User
3793,User
3794,User
3795,User
3796,User
3797,User
3799,User
3800,User
3801,User
3802,User
3803,User
3804,User
3806,User
3807,User
3808,User
3811,User
3812,User
3813,User
3814,User
3816,User
3817,User
3818,User
3819,User
3821,User
3822,User
3823,User
3825,User
3827,User
3828,User
3829,User
3830,User
3831,User
3833,User
3834,User
3835,User
3836,User
3838,User
3840,User
3841,User
3842,User
3843,User
3844,User
3845,User
3848,User
3849,User
3850,User
3851,User
3852,User
3853,User
3856,User
3857,User
3858,User
3859,User
3860,User
3861,User
3863,User
3865,User
3868,User
3869,User
1860,User
3870,User
3871,User
3872,User
3873,User
3875,User
3877,User
3879,User
3883,User
3885,User
3888,User
3889,User
3890,User
3892,User
3893,User
3895,User
3896,User
3897,User
3899,User
3900,User
3901,User
3902,User
3904,User
3905,User
3906,User
2725,User
3909,User
3910,User
3912,User
3913,User
3914,User
3917,User
3918,User
3919,User
3921,User
3922,User
3924,User
3928,User
3930,User
3931,User
3932,User
3933,User
3935,User
3936,User
3937,User
3938,User
3939,User
3940,User
3941,User
3942,User
3943,User
3945,User
3947,User
3948,User
3949,User
3952,User
3954,User
3955,User
3956,User
3957,User
3958,User
3960,User
3961,User
3964,User
3965,User
3966,User
3967,User
3969,User
3970,User
3971,User
3973,User
3974,User
3975,User
3977,User
3979,User
3980,User
3983,User
3984,User
3985,User
3986,User
3987,User
3989,User
3991,User
3992,User
3994,User
3995,User
3999,User
4002,User
4003,User
4005,User
4007,User
4008,User
4010,User
4011,User
4012,User
4014,User
4017,User
4024,User
4029,User
4030,User
4031,User
4032,User
4033,User
4035,User
4036,User
584,User
4040,User
4043,User
4044,User
4045,User
4046,User
4047,User
4048,User
4049,User
3255,User
4050,User
4051,User
4053,User
4054,User
4056,User
4057,User
4058,User
4059,User
4060,User
4061,User
4062,User
4063,User
4064,User
4065,User
4066,User
4069,User
4071,User
4072,User
4073,User
4075,User
4076,User
4077,User
4079,User
4080,User
4081,User
4082,User
4083,User
4084,User
4086,User
4087,User
4089,User
4090,User
4094,User
4095,User
4096,User
4097,User
4098,User
4099,User
4101,User
4102,User
4103,User
4106,User
4108,User
4109,User
4110,User
4114,User
4115,User
4116,User
4117,User
4118,User
4119,User
4120,User
4122,User
1657,User
4125,User
1713,User
4127,User
4130,User
4131,User
4132,User
4133,User
4134,User
4137,User
4138,User
4140,User
4144,User
4146,User
4149,User
4150,User
4152,User
4153,User
4156,User
4159,User
4160,User
4162,User
4165,User
4167,User
4168,User
4171,User
4174,User
4176,User
4177,User
4178,User
4179,User
4182,User
4183,User
4184,User
4187,User
4192,User
4194,User
4197,User
4198,User
4199,User
4202,User
4203,User
4205,User
4207,User
4209,User
4211,User
4212,User
4213,User
4214,User
4215,User
4216,User
64,User
4218,User
4219,User
4221,User
4222,User
4224,User
4225,User
4227,User
4229,User
4230,User
4231,User
4232,User
4233,User
4234,User
4235,User
4236,User
4238,User
4241,User
4245,User
4247,User
4249,User
4250,User
4251,User
4252,User
4253,User
4254,User
4255,User
4257,User
4259,User
4260,User
4261,User
4263,User
4266,User
4270,User
4271,User
4274,User
4275,User
4279,User
4281,User
4282,User
4286,User
4287,User
4288,User
4290,User
4295,User
4296,User
4299,User
4300,User
4302,User
4306,User
4307,User
4308,User
4309,User
4313,User
4316,User
4317,User
4318,User
4319,User
4321,User
4325,User
4326,User
4327,User
4330,User
4332,User
4333,User
4334,User
4336,User
4337,User
4338,User
4339,User
4341,User
4342,User
4343,User
4348,User
4350,User
4351,User
4352,User
4353,User
4354,User
4355,User
4356,User
4357,User
4359,User
4360,User
4361,User
4362,User
4364,User
4366,User
4368,User
4369,User
4370,User
4371,User
4372,User
4373,User
4374,User
4375,User
4379,User
4380,User
4381,User
4382,User
4383,User
4384,User
4385,User
4387,User
4388,User
4389,User
4390,User
4391,User
4392,User
4394,User
4396,User
4398,User
4399,User
4402,User
4403,User
4404,User
4406,User
4409,User
4410,User
4411,User
4413,User
4414,User
4416,User
4417,User
4418,User
4422,User
4423,User
4424,User
4426,User
4428,User
4429,User
4431,User
4438,User
4440,User
4443,User
4445,User
4446,User
4447,User
4449,User
4450,User
4451,User
4452,User
4453,User
40,User
4454,User
4455,User
4456,User
4459,User
4460,User
4461,User
4462,User
4464,User
4465,User
4466,User
4467,User
4469,User
4470,User
4471,User
4472,User
4473,User
4474,User
4476,User
4477,User
4481,User
4482,User
4483,User
4484,User
4485,User
4486,User
4487,User
4488,User
4489,User
4490,User
4491,User
4493,User
4494,User
2634,User
4495,User
4497,User
4498,User
3815,User
4501,User
4502,User
3230,User
4504,User
4506,User
4507,User
4508,User
2976,User
4510,User
4511,User
4513,User
4514,User
4515,User
4516,User
4517,User
4518,User
4519,User
4520,User
4521,User
4522,User
4523,User
1033,User
4524,User
4525,User
4526,User
4528,User
4529,User
4530,User
4531,User
4532,User
4536,User
4537,User
4538,User
4539,User
4540,User
4541,User
4542,User
4543,User
588,User
4545,User
4546,User
4547,User
4548,User
4549,User
4550,User
4551,User
4552,User
4553,User
4554,User
4555,User
4556,User
4557,User
4558,User
4559,User
4563,User
4564,User
4565,User
4566,User
4567,User
4568,User
4569,User
4570,User
4571,User
4572,User
4573,User
4574,User
4575,User
4577,User
4578,User
4579,User
4580,User
4583,User
4587,User
4588,User
4590,User
4591,User
4593,User
4594,User
4595,User
4596,User
4597,User
4600,User
4602,User
4603,User
4605,User
4606,User
4609,User
4610,User
4613,User
4615,User
4616,User
4617,User
4618,User
4619,User
4620,User
4621,User
4622,User
4623,User
4625,User
4626,User
4628,User
4629,User
4630,User
4631,User
363,User
4632,User
4633,User
4634,User
4637,User
4639,User
4642,User
4643,User
4644,User
4647,User
4648,User
4650,User
4651,User
4652,User
4654,User
4655,User
4656,User
4658,User
4659,User
4660,User
4661,User
4665,User
4666,User
4668,User
4670,User
4674,User
4675,User
4684,User
4690,User
4692,User
4693,User
4694,User
4695,User
4698,User
4700,User
4701,User
4702,User
4703,User
4704,User
4705,User
4706,User
4707,User
4710,User
4712,User
4714,User
4715,User
4719,User
4720,User
4722,User
4726,User
4729,User
4730,User
4732,User
4733,User
4734,User
4735,User
4736,User
4737,User
4738,User
4740,User
4742,User
4743,User
4744,User
4745,User
4749,User
4750,User
4752,User
4755,User
4757,User
4758,User
4760,User
4763,User
4765,User
4769,User
4770,User
4771,User
4772,User
4773,User
4774,User
4776,User
4777,User
4778,User
4779,User
4781,User
4783,User
4786,User
4787,User
4789,User
4790,User
4791,User
4793,User
4795,User
4796,User
4797,User
4798,User
4799,User
4802,User
4804,User
4805,User
4806,User
4807,User
4808,User
4810,User
4811,User
4812,User
4815,User
4816,User
4817,User
4818,User
3735,User
4821,User
4823,User
4825,User
4826,User
4828,User
4830,User
4831,User
4832,User
4833,User
4835,User
4836,User
4837,User
4838,User
4840,User
4841,User
4842,User
4844,User
4845,User
4846,User
4847,User
4849,User
4850,User
4851,User
4852,User
4853,User
4855,User
4856,User
4857,User
4859,User
4862,User
4864,User
4867,User
4868,User
4869,User
4871,User
4874,User
4875,User
4877,User
4878,User
4880,User
4883,User
4884,User
4885,User
4886,User
4888,User
4891,User
4893,User
4894,User
4895,User
4896,User
4897,User
4898,User
4899,User
4900,User
4901,User
4902,User
4904,User
4905,User
4906,User
4907,User
4911,User
4912,User
4914,User
4919,User
4920,User
4921,User
4922,User
4924,User
4925,User
4926,User
4927,User
4928,User
4929,User
4930,User
4933,User
4935,User
4936,User
4938,User
4939,User
3456,User
4942,User
4943,User
4944,User
4945,User
4947,User
4948,User
4951,User
4953,User
4954,User
4955,User
4956,User
4957,User
4958,User
4959,User
4960,User
4962,User
4964,User
4966,User
4967,User
4969,User
4971,User
1157,User
4976,User
4978,User
4979,User
4981,User
4986,User
4988,User
4991,User
4993,User
4994,User
4995,User
4996,User
4997,User
4999,User
5000,User
5008,User
5011,User
5013,User
5016,User
5022,User
5023,User
5024,User
5025,User
5026,User
5027,User
5029,User
5031,User
5033,User
5034,User
5035,User
5036,User
5037,User
5038,User
5039,User
5040,User
5043,User
5044,User
5045,User
5046,User
5047,User
5049,User
5050,User
5051,User
5053,User
5054,User
5055,User
5056,User
5057,User
5059,User
5060,User
5061,User
5062,User
5063,User
5064,User
5065,User
5066,User
5068,User
5073,User
5074,User
5077,User
5078,User
5079,User
5080,User
5081,User
5082,User
5085,User
5088,User
5090,User
5091,User
5092,User
5095,User
5097,User
5098,User
5099,User
5100,User
5102,User
5106,User
5107,User
5108,User
5109,User
5110,User
5111,User
5112,User
5115,User
5116,User
5117,User
5118,User
5119,User
5123,User
5126,User
5127,User
5129,User
5131,User
5132,User
5134,User
5135,User
5137,User
5138,User
5139,User
5140,User
5141,User
5142,User
5143,User
5144,User
5145,User
5146,User
5147,User
5148,User
5149,User
5150,User
4762,User
5151,User
5152,User
5153,User
5155,User
5159,User
5160,User
5162,User
5163,User
5166,User
5167,User
5168,User
5170,User
5171,User
5172,User
5173,User
5175,User
5176,User
5177,User
5181,User
5185,User
5186,User
5187,User
5190,User
5191,User
5194,User
5198,User
5199,User
5201,User
5202,User
5203,User
5205,User
5208,User
5209,User
5211,User
5212,User
5217,User
5219,User
5221,User
5223,User
5224,User
5225,User
5229,User
5231,User
5232,User
5233,User
5234,User
5239,User
5240,User
5241,User
5242,User
5244,User
5245,User
5247,User
5248,User
5250,User
5254,User
5255,User
5257,User
5260,User
5261,User
5262,User
5264,User
5265,User
5267,User
5268,User
5269,User
5274,User
5275,User
5278,User
5279,User
5280,User
5281,User
5282,User
5283,User
5284,User
5286,User
5291,User
5292,User
5294,User
5297,User
5298,User
5302,User
5303,User
5304,User
5306,User
5308,User
5311,User
5312,User
5314,User
5318,User
5319,User
5320,User
5322,User
5323,User
5324,User
5326,User
5327,User
5332,User
5333,User
5336,User
5338,User
5339,User
5340,User
5342,User
5344,User
5345,User
5347,User
5348,User
5350,User
5352,User
5353,User
5354,User
5355,User
5356,User
5358,User
5359,User
5361,User
5366,User
5367,User
5368,User
5369,User
5370,User
5372,User
5373,User
5375,User
5376,User
5377,User
5378,User
5379,User
5381,User
5382,User
5386,User
5390,User
5391,User
5392,User
5393,User
5394,User
5395,User
5396,User
5397,User
5403,User
5405,User
5406,User
5411,User
5412,User
5413,User
5414,User
5415,User
5416,User
5417,User
5418,User
5420,User
5421,User
5423,User
5428,User
5429,User
5430,User
5432,User
5434,User
5435,User
5436,User
5437,User
5439,User
5440,User
5441,User
5442,User
5443,User
5446,User
5451,User
5453,User
5457,User
5458,User
5459,User
5460,User
5461,User
5462,User
5463,User
5465,User
5467,User
5468,User
5469,User
5470,User
5471,User
5472,User
286,User
5473,User
5474,User
5475,User
5478,User
5479,User
5480,User
5481,User
5482,User
5483,User
5484,User
5485,User
5486,User
5487,User
5488,User
5490,User
5491,User
5492,User
5493,User
5496,User
5497,User
5500,User
5501,User
5502,User
5503,User
5506,User
5507,User
5508,User
5509,User
5517,User
5518,User
5519,User
5521,User
5523,User
5524,User
5527,User
5528,User
5529,User
5530,User
5532,User
5535,User
5538,User
1488,User
5541,User
5543,User
5544,User
5545,User
5546,User
5548,User
5550,User
5551,User
5552,User
359,User
5553,User
5555,User
5557,User
5558,User
5560,User
5561,User
5563,User
5566,User
5570,User
5571,User
5572,User
5573,User
5574,User
5575,User
5579,User
5580,User
5582,User
5584,User
5585,User
5588,User
5592,User
5594,User
5596,User
5598,User
5599,User
5600,User
5601,User
5603,User
5604,User
5605,User
5606,User
5607,User
5610,User
5611,User
5612,User
5615,User
5618,User
5621,User
5623,User
5624,User
5388,User
5627,User
5630,User
5631,User
5633,User
5634,User
5635,User
5637,User
5638,User
5639,User
5640,User
5641,User
5642,User
5643,User
5644,User
5645,User
5650,User
5652,User
5653,User
5656,User
5657,User
5658,User
5659,User
5661,User
5663,User
5664,User
5665,User
5669,User
5670,User
5679,User
5680,User
5683,User
5685,User
5686,User
5689,User
5691,User
5692,User
5694,User
5695,User
5696,User
5697,User
5698,User
5699,User
5700,User
5701,User
5703,User
5705,User
5706,User
5708,User
5709,User
5710,User
5711,User
5712,User
5714,User
5715,User
5717,User
5718,User
5720,User
5723,User
5724,User
5725,User
5726,User
5729,User
5731,User
5732,User
5733,User
5734,User
5735,User
5736,User
5738,User
5740,User
5741,User
5743,User
5744,User
5745,User
5748,User
5749,User
5750,User
5752,User
5753,User
5755,User
5758,User
5759,User
5760,User
5762,User
5764,User
5765,User
5767,User
5768,User
5769,User
5770,User
5772,User
5773,User
5775,User
5776,User
5777,User
5779,User
5780,User
5784,User
5785,User
5786,User
5790,User
5791,User
5792,User
5793,User
5794,User
5795,User
5796,User
5797,User
5799,User
5800,User
5801,User
5802,User
5803,User
5805,User
5806,User
5807,User
5808,User
2865,User
5809,User
5810,User
5813,User
5814,User
5817,User
5818,User
5819,User
5820,User
5823,User
5824,User
5826,User
5829,User
5830,User
5831,User
5832,User
5833,User
226,User
5839,User
5840,User
5841,User
5842,User
5844,User
5845,User
5847,User
5848,User
5540,User
5852,User
5853,User
5859,User
5860,User
5005,User
5862,User
5863,User
5864,User
2814,User
5865,User
5866,User
5867,User
5868,User
5869,User
5870,User
5871,User
5872,User
5873,User
5874,User
5875,User
5877,User
5881,User
5884,User
5885,User
5886,User
3376,User
5887,User
5893,User
5895,User
5897,User
5899,User
5901,User
5904,User
5905,User
5906,User
5908,User
5912,User
5913,User
5914,User
5917,User
5918,User
5919,User
5920,User
5921,User
5923,User
5924,User
5925,User
5926,User
5927,User
5928,User
5929,User
5930,User
5931,User
5932,User
5933,User
5934,User
5935,User
5936,User
5937,User
5938,User
5939,User
5942,User
5946,User
5951,User
5952,User
5954,User
5955,User
5958,User
5959,User
5961,User
5962,User
5966,User
5968,User
5969,User
5970,User
5971,User
5972,User
5974,User
5975,User
5978,User
5980,User
5981,User
5983,User
5984,User
5985,User
5986,User
5987,User
5988,User
5989,User
5993,User
5996,User
5997,User
5999,User
6000,User
6001,User
6002,User
6004,User
6005,User
6008,User
6010,User
6011,User
6012,User
6014,User
6015,User
6018,User
6019,User
6020,User
6021,User
6024,User
6026,User
6028,User
6029,User
6030,User
6031,User
6032,User
6036,User
6039,User
6042,User
6044,User
6051,User
6052,User
6053,User
6054,User
6055,User
6058,User
6060,User
6062,User
6063,User
6068,User
6070,User
6071,User
6072,User
6074,User
6075,User
3911,User
6076,User
6078,User
6079,User
6080,User
6081,User
4331,User
6085,User
6086,User
6089,User
141,User
5315,User
6091,User
6092,User
6093,User
6094,User
6096,User
6098,User
6099,User
6101,User
6104,User
6106,User
6107,User
6109,User
6110,User
6111,User
6112,User
6113,User
6114,User
6116,User
6117,User
6119,User
6120,User
6122,User
6123,User
6125,User
6126,User
2267,User
6127,User
2692,User
6131,User
6133,User
6137,User
6138,User
6146,User
6147,User
6148,User
6149,User
6150,User
6152,User
6154,User
6156,User
6157,User
6159,User
6161,User
6162,User
6163,User
6164,User
6166,User
6167,User
6168,User
6169,User
6170,User
6172,User
6174,User
6175,User
6176,User
6177,User
6183,User
6184,User
6187,User
6188,User
6189,User
6190,User
6191,User
6193,User
6194,User
6195,User
6196,User
6197,User
6198,User
6199,User
6200,User
6201,User
6202,User
6203,User
6205,User
6206,User
6207,User
6209,User
6210,User
6211,User
6212,User
6213,User
6214,User
6215,User
6217,User
6218,User
6219,User
6220,User
6222,User
6223,User
6224,User
6225,User
6228,User
6232,User
6235,User
6237,User
6239,User
6240,User
6241,User
6242,User
6243,User
6245,User
6246,User
6247,User
6248,User
109,User
6250,User
6251,User
6252,User
6255,User
6256,User
6257,User
6258,User
6261,User
6263,User
6264,User
6266,User
6268,User
6271,User
6272,User
6273,User
6275,User
6277,User
6279,User
6280,User
6281,User
6283,User
6284,User
6285,User
6286,User
6287,User
6289,User
6290,User
6291,User
6292,User
6293,User
6294,User
6296,User
6297,User
6298,User
6300,User
6301,User
6304,User
6305,User
6309,User
1538,User
6311,User
6312,User
6313,User
6314,User
6315,User
1361,User
6318,User
6320,User
6321,User
6322,User
6323,User
6324,User
6325,User
6327,User
6329,User
6330,User
6331,User
6334,User
6335,User
6208,User
6336,User
6337,User
6338,User
6339,User
6341,User
6342,User
6343,User
6344,User
6345,User
6348,User
6350,User
6351,User
6352,User
6354,User
6356,User
6359,User
4407,User
6360,User
6361,User
6363,User
6365,User
6368,User
6369,User
6370,User
6371,User
6373,User
6375,User
6377,User
6379,User
6383,User
6386,User
6387,User
6388,User
6389,User
6391,User
6393,User
6394,User
6395,User
6396,User
6397,User
6398,User
6399,User
6400,User
6401,User
6402,User
6403,User
6404,User
6405,User
6406,User
6407,User
6408,User
6409,User
6411,User
6412,User
6413,User
6414,User
6415,User
6416,User
6419,User
6420,User
6421,User
6422,User
6423,User
6424,User
6425,User
6430,User
6432,User
6433,User
6434,User
6435,User
6437,User
6438,User
6439,User
6441,User
4013,User
6444,User
6446,User
6447,User
6448,User
6449,User
6450,User
6451,User
6456,User
6458,User
6459,User
6460,User
6461,User
6462,User
6463,User
6464,User
6465,User
6466,User
6469,User
6471,User
6472,User
6473,User
6474,User
6477,User
6478,User
6480,User
6481,User
6484,User
6485,User
6486,User
6487,User
6488,User
6493,User
6494,User
6495,User
6496,User
6497,User
6499,User
6500,User
6502,User
6504,User
6507,User
6508,User
6510,User
6511,User
6512,User
6517,User
6518,User
6520,User
6521,User
6528,User
6536,User
6538,User
6540,User
6541,User
6542,User
6544,User
6547,User
6548,User
6549,User
6551,User
6553,User
6554,User
6555,User
6558,User
6559,User
6562,User
6563,User
6564,User
6565,User
6566,User
6568,User
6569,User
6570,User
6571,User
6572,User
6573,User
6574,User
6579,User
6580,User
6581,User
6582,User
6586,User
6587,User
6588,User
6589,User
6590,User
6591,User
6592,User
6594,User
6595,User
6596,User
6597,User
6598,User
6599,User
6600,User
6601,User
6602,User
6603,User
6604,User
6605,User
6606,User
6607,User
6611,User
6612,User
6613,User
6614,User
6620,User
6621,User
6623,User
6624,User
6625,User
6627,User
6628,User
6630,User
6633,User
6634,User
6635,User
6637,User
6638,User
6640,User
6644,User
6645,User
6646,User
6647,User
6649,User
6651,User
6653,User
6654,User
6656,User
2010,User
6658,User
6659,User
6660,User
6661,User
6662,User
6663,User
6664,User
6665,User
6667,User
6668,User
6669,User
6670,User
6671,User
6672,User
6675,User
6679,User
6680,User
6681,User
6682,User
6685,User
6686,User
6688,User
6690,User
6692,User
6693,User
6694,User
6696,User
6697,User
4039,User
6698,User
4041,User
6700,User
6701,User
6711,User
6712,User
6713,User
6716,User
6720,User
6721,User
6722,User
6723,User
6724,User
1308,User
6725,User
6726,User
6727,User
6728,User
6734,User
6735,User
6737,User
6739,User
6740,User
6741,User
6742,User
6743,User
6744,User
6747,User
6748,User
6749,User
6750,User
6752,User
946,User
6753,User
6756,User
6758,User
6759,User
6760,User
6761,User
6762,User
6763,User
6767,User
6768,User
6769,User
6770,User
2400,User
6771,User
6772,User
6774,User
6775,User
6776,User
6777,User
6778,User
6779,User
6780,User
6782,User
6783,User
6784,User
6785,User
6786,User
6788,User
6792,User
6794,User
6795,User
6796,User
6797,User
6798,User
6799,User
6801,User
6802,User
6804,User
6805,User
6807,User
6809,User
6810,User
6811,User
6812,User
6813,User
6815,User
6816,User
6820,User
6823,User
6825,User
6826,User
6827,User
6830,User
6836,User
6838,User
6842,User
6843,User
6845,User
6846,User
6847,User
6849,User
6850,User
6852,User
6854,User
6857,User
6858,User
6859,User
6860,User
6864,User
6868,User
6871,User
6872,User
6873,User
6874,User
6875,User
6877,User
6878,User
6879,User
6880,User
6881,User
6882,User
6887,User
6892,User
6893,User
6894,User
6896,User
6898,User
6899,User
6900,User
6901,User
6903,User
6904,User
6905,User
6907,User
6908,User
6911,User
6912,User
6913,User
6915,User
6917,User
6920,User
6921,User
6922,User
6923,User
6924,User
6925,User
6927,User
6928,User
6929,User
6931,User
6932,User
6934,User
6935,User
6936,User
6937,User
6938,User
6939,User
6940,User
6941,User
6942,User
6943,User
6945,User
6948,User
6949,User
6950,User
6951,User
6953,User
6954,User
6955,User
6956,User
6958,User
6959,User
6961,User
6964,User
6966,User
6967,User
6968,User
6969,User
6971,User
6972,User
6973,User
6975,User
6976,User
6978,User
6979,User
6981,User
6983,User
5625,User
6985,User
6986,User
6987,User
6989,User
6990,User
6991,User
6993,User
6995,User
6996,User
6997,User
6998,User
6999,User
7001,User
7002,User
7005,User
7007,User
7008,User
7009,User
7010,User
7011,User
7012,User
7014,User
7015,User
7016,User
7017,User
7019,User
7020,User
1700,User
7021,User
7022,User
3972,User
7024,User
332,User
7025,User
7026,User
7027,User
3137,User
7028,User
7030,User
7032,User
7033,User
7034,User
7036,User
7038,User
7040,User
7041,User
7043,User
7046,User
7047,User
7048,User
7049,User
7050,User
7051,User
7054,User
7055,User
7057,User
7058,User
6140,User
7060,User
7062,User
7064,User
7065,User
7066,User
7068,User
7069,User
7074,User
7076,User
7078,User
7079,User
7084,User
7086,User
7087,User
7088,User
7089,User
7090,User
7091,User
7092,User
7093,User
7094,User
7095,User
7096,User
7098,User
7100,User
7102,User
7105,User
7106,User
7109,User
7111,User
7112,User
7113,User
7114,User
7115,User
7117,User
7118,User
7122,User
7125,User
7128,User
7129,User
7130,User
7133,User
7134,User
7135,User
7136,User
7137,User
7139,User
7140,User
7141,User
7142,User
7143,User
7144,User
7146,User
7147,User
7148,User
7149,User
7150,User
7152,User
7153,User
7154,User
7159,User
7160,User
7162,User
7163,User
7164,User
7168,User
7169,User
7170,User
7171,User
7172,User
7173,User
7174,User
7175,User
7177,User
7179,User
7180,User
7181,User
7184,User
4393,User
7188,User
7190,User
7191,User
7193,User
7194,User
7196,User
7197,User
7199,User
7202,User
7205,User
7208,User
7209,User
7210,User
7212,User
7213,User
7217,User
7218,User
7220,User
7223,User
7224,User
7225,User
7226,User
7227,User
7228,User
5900,User
7229,User
7230,User
7232,User
7234,User
7236,User
7238,User
7240,User
7241,User
7244,User
7245,User
7247,User
7248,User
7249,User
7252,User
7253,User
7254,User
7255,User
7257,User
7258,User
7261,User
7264,User
7265,User
7266,User
3098,User
7268,User
7270,User
7272,User
7275,User
7276,User
7277,User
7278,User
7279,User
7280,User
7281,User
7282,User
7283,User
7285,User
7286,User
7287,User
7291,User
7294,User
7295,User
7296,User
7297,User
7298,User
7299,User
7300,User
7301,User
7303,User
7304,User
7309,User
1686,User
7310,User
7311,User
7313,User
7314,User
7316,User
7317,User
7319,User
7322,User
7326,User
7327,User
7331,User
7333,User
7341,User
7342,User
7347,User
7348,User
7350,User
7351,User
7356,User
7357,User
7358,User
7359,User
7360,User
7362,User
7364,User
7366,User
7370,User
7371,User
7372,User
7373,User
7374,User
7375,User
7381,User
7382,User
7383,User
7384,User
7385,User
7386,User
7387,User
7390,User
7393,User
7394,User
7397,User
7399,User
7401,User
7402,User
7404,User
7405,User
3633,User
7406,User
2252,User
7407,User
7408,User
7409,User
7410,User
7411,User
7412,User
7413,User
7414,User
7415,User
1402,User
520,User
7418,User
5450,User
7420,User
7422,User
7424,User
7425,User
7427,User
7430,User
7432,User
7434,User
7437,User
7438,User
7439,User
7440,User
7443,User
1807,User
7444,User
7446,User
7447,User
7450,User
7451,User
7452,User
7453,User
7454,User
7455,User
7457,User
7458,User
7460,User
7461,User
7462,User
7463,User
7464,User
7465,User
7466,User
7467,User
7468,User
7471,User
7472,User
7477,User
7478,User
7479,User
7481,User
7482,User
7484,User
7485,User
7486,User
7487,User
7488,User
7489,User
7491,User
7495,User
7498,User
7501,User
7502,User
7504,User
7507,User
7508,User
7509,User
7511,User
7512,User
7513,User
7516,User
7518,User
7522,User
7524,User
7525,User
7528,User
7530,User
7531,User
7533,User
7540,User
7541,User
7542,User
7543,User
7544,User
7545,User
7549,User
7550,User
7551,User
7553,User
7555,User
7556,User
7559,User
7560,User
7563,User
7566,User
7567,User
7570,User
7573,User
7574,User
7576,User
7577,User
7578,User
7580,User
7582,User
7584,User
7587,User
7589,User
7594,User
7595,User
7598,User
7599,User
7602,User
7607,User
7608,User
7609,User
7610,User
7611,User
7613,User
7614,User
7616,User
7621,User
7625,User
7626,User
7627,User
7628,User
7630,User
7631,User
7633,User
7635,User
7636,User
7638,User
7639,User
7641,User
7644,User
7645,User
7646,User
7647,User
7652,User
7654,User
7655,User
7657,User
7658,User
7659,User
7662,User
7665,User
7666,User
7667,User
7668,User
7669,User
7671,User
7672,User
7674,User
7675,User
7676,User
7677,User
7678,User
7679,User
7680,User
7681,User
7685,User
7688,User
7690,User
7691,User
7693,User
7694,User
7696,User
7697,User
7698,User
7699,User
7701,User
7702,User
7703,User
7704,User
7705,User
7706,User
7707,User
7708,User
7709,User
7711,User
7712,User
7713,User
7714,User
7716,User
7717,User
7718,User
7719,User
7720,User
7722,User
7724,User
7725,User
7726,User
6831,User
7727,User
7728,User
7729,User
7730,User
7732,User
7735,User
7738,User
7739,User
4657,User
7741,User
7742,User
7743,User
7744,User
7747,User
7749,User
7750,User
7751,User
7752,User
7753,User
7754,User
7755,User
7756,User
7758,User
7759,User
7760,User
7763,User
7767,User
7769,User
7770,User
7771,User
7772,User
7775,User
7777,User
7780,User
7781,User
7782,User
7784,User
7785,User
7786,User
7789,User
468,User
7791,User
7793,User
7794,User
7795,User
7796,User
7800,User
7801,User
7802,User
7804,User
7807,User
7808,User
7809,User
7812,User
7813,User
7814,User
7816,User
4645,User
7818,User
7819,User
7821,User
7823,User
7235,User
7824,User
7825,User
7826,User
7827,User
7831,User
7833,User
7834,User
7836,User
7841,User
7843,User
7844,User
7845,User
7847,User
7848,User
7850,User
7852,User
7856,User
7857,User
7859,User
7861,User
7862,User
7864,User
7865,User
7866,User
7868,User
7871,User
7872,User
7874,User
7875,User
7877,User
7878,User
7879,User
7881,User
7882,User
7883,User
7884,User
7885,User
7887,User
7889,User
6639,User
7890,User
7891,User
7892,User
7893,User
7894,User
7895,User
7896,User
4741,User
7898,User
7899,User
7900,User
7901,User
7902,User
7904,User
7908,User
7337,User
7909,User
7910,User
7913,User
7914,User
7917,User
7921,User
7922,User
7923,User
7924,User
7926,User
7927,User
7928,User
2409,User
7930,User
7931,User
7932,User
7933,User
7934,User
7937,User
7940,User
7941,User
7944,User
7946,User
7947,User
552,User
7956,User
7958,User
7961,User
7962,User
7964,User
7965,User
7966,User
7967,User
7968,User
7970,User
7971,User
7974,User
7975,User
7976,User
7978,User
7982,User
7984,User
7985,User
7986,User
7987,User
7988,User
7989,User
7990,User
7992,User
7993,User
7994,User
1590,User
7997,User
7999,User
8000,User
8001,User
8003,User
8004,User
8005,User
8007,User
8009,User
8011,User
8012,User
8015,User
8016,User
8019,User
8020,User
8021,User
8023,User
8025,User
8026,User
8027,User
8028,User
8031,User
8034,User
8035,User
8037,User
8038,User
8039,User
8040,User
8041,User
8043,User
8047,User
8048,User
8051,User
8053,User
8055,User
8056,User
8057,User
8058,User
8061,User
8062,User
8065,User
8066,User
8067,User
8068,User
8069,User
8070,User
8071,User
8072,User
8073,User
8074,User
8075,User
8077,User
8078,User
8079,User
8080,User
8084,User
8085,User
8087,User
8088,User
8089,User
8092,User
8099,User
8100,User
8108,User
8110,User
8115,User
8120,User
8125,User
8127,User
8128,User
8131,User
8132,User
8133,User
8136,User
8140,User
8143,User
8144,User
8145,User
8146,User
8147,User
8148,User
8150,User
8152,User
8153,User
8154,User
8155,User
8156,User
8160,User
8161,User
8162,User
8163,User
8164,User
8168,User
8170,User
8172,User
8173,User
8174,User
8175,User
8176,User
8177,User
8178,User
8179,User
8180,User
8181,User
8182,User
8183,User
8187,User
8189,User
8191,User
8192,User
8193,User
8194,User
8196,User
8197,User
8198,User
8199,User
8200,User
8202,User
8204,User
8205,User
8206,User
8207,User
8210,User
8213,User
8214,User
8215,User
8216,User
8217,User
8218,User
8219,User
8220,User
8221,User
8222,User
8223,User
8224,User
8225,User
8226,User
8228,User
8230,User
8232,User
8234,User
8235,User
8237,User
8239,User
8240,User
8244,User
8247,User
8248,User
8249,User
2012,User
8251,User
8252,User
8257,User
8258,User
8259,User
8260,User
8261,User
8262,User
8263,User
8264,User
8265,User
8266,User
8267,User
8268,User
687,User
8269,User
8270,User
8273,User
8275,User
8276,User
8278,User
8281,User
8282,User
8285,User
8287,User
8290,User
8291,User
8293,User
8294,User
8296,User
8297,User
8300,User
8302,User
6295,User
8304,User
8305,User
8308,User
2490,User
8310,User
8312,User
8314,User
8315,User
8316,User
8317,User
8319,User
8320,User
8321,User
8325,User
8327,User
8328,User
8331,User
8332,User
1630,User
8333,User
8334,User
8335,User
8336,User
8337,User
8339,User
8340,User
8341,User
8342,User
8345,User
8346,User
8347,User
8350,User
8351,User
8352,User
8353,User
8354,User
8355,User
8356,User
8357,User
8358,User
8359,User
8360,User
8366,User
8368,User
8369,User
8370,User
8373,User
8374,User
8376,User
8377,User
8381,User
8383,User
8384,User
8387,User
8388,User
8390,User
8392,User
8393,User
8394,User
8395,User
8396,User
8398,User
8399,User
8400,User
8401,User
8403,User
8406,User
8407,User
8408,User
6390,User
8409,User
8410,User
8411,User
8412,User
8413,User
8414,User
8415,User
8416,User
8417,User
8418,User
8420,User
8421,User
8422,User
8423,User
8424,User
8425,User
8426,User
8427,User
8428,User
8430,User
8431,User
8432,User
8433,User
8434,User
8435,User
8436,User
8437,User
8438,User
8439,User
8440,User
8441,User
8442,User
8448,User
8452,User
8453,User
8454,User
8455,User
8457,User
8460,User
8461,User
8462,User
8464,User
8467,User
8469,User
8471,User
8472,User
8475,User
8476,User
8477,User
8480,User
8482,User
8483,User
8484,User
8485,User
8487,User
8488,User
8491,User
8492,User
8494,User
2347,User
8496,User
8497,User
8498,User
8499,User
8500,User
8501,User
8502,User
8504,User
8505,User
8507,User
8511,User
8513,User
8515,User
8516,User
8517,User
8518,User
8521,User
8524,User
8525,User
8526,User
8528,User
8532,User
8533,User
8534,User
8535,User
8539,User
8541,User
8542,User
8544,User
8547,User
8550,User
8551,User
8554,User
8555,User
8557,User
8558,User
8560,User
8562,User
8564,User
8566,User
8567,User
8568,User
8569,User
8570,User
8572,User
8575,User
8576,User
8577,User
8584,User
8587,User
8588,User
8592,User
8593,User
8594,User
8595,User
8598,User
8599,User
8600,User
8602,User
8603,User
8604,User
8605,User
8606,User
8608,User
8609,User
8610,User
8611,User
8612,User
8614,User
8615,User
8621,User
8623,User
8625,User
8627,User
8628,User
8631,User
8633,User
8637,User
8643,User
8647,User
8648,User
8649,User
8650,User
8652,User
8653,User
8654,User
8655,User
8657,User
8658,User
8659,User
8663,User
8664,User
8668,User
8671,User
8673,User
8674,User
8675,User
8676,User
8677,User
8678,User
8685,User
8686,User
8687,User
8688,User
8691,User
8692,User
8693,User
8695,User
8697,User
8700,User
8703,User
8706,User
8707,User
8712,User
8713,User
8715,User
8719,User
8720,User
8721,User
8723,User
8725,User
8726,User
8727,User
8728,User
8729,User
8730,User
5682,User
8733,User
8734,User
8735,User
8736,User
8740,User
8742,User
8744,User
8745,User
8746,User
8747,User
8748,User
8749,User
8751,User
8754,User
8755,User
8756,User
8757,User
8758,User
8759,User
8761,User
8762,User
8764,User
8765,User
8766,User
8770,User
8772,User
8773,User
8774,User
8775,User
8776,User
8777,User
8778,User
8779,User
8780,User
8782,User
8784,User
8785,User
3785,User
8786,User
8788,User
8789,User
8791,User
8792,User
8796,User
8797,User
8798,User
8800,User
8801,User
8802,User
8803,User
8806,User
3730,User
8808,User
8810,User
8812,User
8813,User
8815,User
8816,User
8818,User
8819,User
8820,User
8821,User
8822,User
8823,User
8825,User
8827,User
8829,User
8830,User
8833,User
8836,User
8838,User
8839,User
8840,User
8841,User
8843,User
8848,User
8849,User
8851,User
8852,User
8853,User
8854,User
8855,User
8856,User
8857,User
8858,User
8859,User
8860,User
8863,User
2823,User
8865,User
8866,User
8867,User
8868,User
8869,User
8870,User
8871,User
8872,User
8873,User
8875,User
8876,User
8877,User
8878,User
8880,User
8882,User
8884,User
8885,User
8889,User
8890,User
8892,User
8893,User
6064,User
8894,User
8897,User
8898,User
8899,User
8900,User
8904,User
8905,User
8906,User
8907,User
8910,User
8911,User
8913,User
8915,User
8917,User
8918,User
8919,User
8920,User
8921,User
8922,User
8923,User
8925,User
8927,User
8928,User
8929,User
8931,User
8932,User
8933,User
8934,User
8935,User
8936,User
8937,User
8938,User
8939,User
8940,User
638,User
8943,User
8944,User
625,User
8946,User
8947,User
8948,User
8949,User
8950,User
8951,User
8952,User
8953,User
8954,User
8955,User
8956,User
8958,User
8959,User
8960,User
8961,User
8962,User
8963,User
8964,User
8966,User
8968,User
8969,User
8971,User
8972,User
8974,User
8975,User
8978,User
8979,User
8981,User
8982,User
8984,User
8986,User
8988,User
8989,User
8990,User
8993,User
8994,User
8995,User
8998,User
9000,User
9002,User
9003,User
9005,User
9006,User
9007,User
9008,User
9009,User
9010,User
9012,User
9014,User
9015,User
9016,User
9018,User
9021,User
9027,User
9028,User
9029,User
9031,User
9032,User
9033,User
9035,User
4949,User
9039,User
9042,User
9043,User
9044,User
9045,User
9046,User
5067,User
9048,User
9051,User
9052,User
9056,User
9057,User
9059,User
9060,User
9062,User
9063,User
9064,User
9066,User
9067,User
2851,User
9069,User
9071,User
9074,User
9076,User
9078,User
9079,User
9080,User
9081,User
9082,User
9084,User
9087,User
9088,User
9089,User
9093,User
9094,User
9095,User
9096,User
9099,User
8573,User
9100,User
9101,User
9102,User
9103,User
9105,User
9106,User
9107,User
9108,User
9109,User
9110,User
9111,User
9112,User
9113,User
9114,User
9115,User
9117,User
8571,User
9122,User
9124,User
9126,User
9127,User
9129,User
9130,User
9131,User
9132,User
9133,User
9136,User
9137,User
9139,User
9143,User
9144,User
9145,User
9146,User
9147,User
9150,User
9152,User
9154,User
9157,User
9158,User
9161,User
9162,User
9165,User
9167,User
9168,User
9172,User
9173,User
9174,User
9176,User
9177,User
9179,User
9180,User
9182,User
9183,User
9185,User
9188,User
9190,User
9191,User
9193,User
9194,User
9195,User
9196,User
9197,User
9198,User
9201,User
9202,User
963,User
9203,User
9204,User
9208,User
9209,User
9210,User
9212,User
9216,User
9218,User
9219,User
8458,User
9221,User
9222,User
9223,User
3944,User
9224,User
9226,User
9227,User
9228,User
9229,User
9231,User
9233,User
9234,User
9235,User
9236,User
9239,User
9241,User
9242,User
9243,User
9244,User
9245,User
9246,User
9247,User
9248,User
9249,User
9250,User
9252,User
9253,User
9258,User
9259,User
9261,User
9262,User
9263,User
9264,User
9266,User
9268,User
9270,User
9271,User
9272,User
9273,User
9275,User
9278,User
9279,User
9283,User
9285,User
9286,User
9287,User
9290,User
9291,User
9292,User
9297,User
9298,User
9299,User
9301,User
9302,User
9304,User
9305,User
9307,User
9308,User
9313,User
9316,User
9317,User
9319,User
9320,User
9321,User
9326,User
9327,User
9328,User
9329,User
9330,User
9331,User
9336,User
9338,User
9339,User
9340,User
9344,User
9347,User
9348,User
9349,User
9350,User
9353,User
9357,User
9359,User
9362,User
9363,User
9366,User
9367,User
9368,User
9369,User
9370,User
9371,User
9372,User
9374,User
9377,User
9379,User
9381,User
9382,User
9385,User
9386,User
9387,User
9389,User
9390,User
9392,User
9393,User
9394,User
9396,User
9397,User
9398,User
9400,User
9401,User
9402,User
9403,User
9404,User
9406,User
9407,User
9408,User
9410,User
9411,User
9413,User
9417,User
9418,User
9419,User
9421,User
9422,User
9424,User
9425,User
9427,User
9428,User
9430,User
9431,User
9432,User
9433,User
9435,User
5747,User
9439,User
9441,User
9442,User
9446,User
9450,User
9452,User
9455,User
9456,User
9457,User
9459,User
9464,User
9465,User
9468,User
9469,User
9470,User
9472,User
9474,User
9477,User
9481,User
9486,User
9488,User
9489,User
9490,User
9491,User
9492,User
9493,User
9494,User
9495,User
9496,User
9498,User
9499,User
9500,User
9502,User
9503,User
9504,User
9505,User
9506,User
9507,User
9508,User
9509,User
9510,User
9511,User
9512,User
9514,User
9517,User
9518,User
9519,User
9520,User
9522,User
9523,User
9525,User
9526,User
9528,User
9533,User
9536,User
9539,User
9542,User
9544,User
9545,User
9546,User
9548,User
9550,User
9551,User
5235,User
9553,User
9554,User
9557,User
9559,User
9561,User
9563,User
9565,User
9568,User
9569,User
9570,User
9571,User
9573,User
9575,User
9576,User
9578,User
9579,User
9580,User
9582,User
9583,User
9585,User
9586,User
9587,User
9590,User
9594,User
9595,User
9597,User
9598,User
9599,User
8486,User
9601,User
9602,User
9607,User
9608,User
9609,User
9610,User
9614,User
9616,User
9617,User
9618,User
9619,User
9621,User
9622,User
9624,User
9625,User
9628,User
9629,User
9630,User
9632,User
9633,User
9635,User
9636,User
9638,User
9639,User
9641,User
9642,User
9645,User
9646,User
9647,User
9648,User
9650,User
9652,User
9654,User
9657,User
9658,User
9660,User
9665,User
9666,User
9667,User
9668,User
9671,User
9674,User
9676,User
9677,User
9679,User
9680,User
9681,User
9684,User
9685,User
9686,User
9687,User
9688,User
9689,User
9690,User
9694,User
9695,User
9696,User
9697,User
9698,User
9700,User
9703,User
9704,User
9705,User
1650,User
9706,User
9707,User
9710,User
9711,User
2186,User
401,User
287,User
9713,User
2858,User
9716,User
9717,User
9720,User
9722,User
9723,User
9724,User
9725,User
9726,User
1043,User
9728,User
9731,User
9732,User
9733,User
9734,User
9737,User
9739,User
9740,User
9741,User
9742,User
9747,User
9749,User
9750,User
9751,User
9752,User
9753,User
9754,User
9755,User
9758,User
9759,User
9762,User
9763,User
9764,User
9766,User
9767,User
9768,User
9769,User
9775,User
9780,User
9781,User
9782,User
9786,User
9787,User
9788,User
9789,User
9791,User
9793,User
9794,User
9795,User
9797,User
9798,User
9799,User
9800,User
9801,User
9802,User
9804,User
9805,User
9806,User
9808,User
9811,User
9812,User
9813,User
9814,User
9817,User
9818,User
9821,User
9822,User
9824,User
9825,User
9826,User
9827,User
9828,User
9830,User
9831,User
9832,User
9834,User
9835,User
9637,User
9839,User
9840,User
9841,User
9842,User
9844,User
9845,User
9847,User
9849,User
9850,User
9851,User
9852,User
9854,User
2870,User
9856,User
9857,User
9858,User
9859,User
9861,User
9862,User
9863,User
9864,User
3907,User
9865,User
9866,User
9869,User
9870,User
9871,User
9872,User
7648,User
9874,User
9876,User
9877,User
9878,User
9881,User
9882,User
9883,User
9020,User
9024,User
9886,User
9887,User
9889,User
9890,User
9891,User
9894,User
9896,User
9897,User
7222,User
9898,User
9899,User
667,User
9900,User
9901,User
9904,User
9906,User
9907,User
9908,User
9910,User
9911,User
9913,User
9914,User
9917,User
2055,User
9918,User
9920,User
7082,User
9921,User
9923,User
9925,User
9927,User
9928,User
9930,User
9931,User
9932,User
9933,User
9934,User
9935,User
9938,User
9939,User
4169,User
9940,User
9941,User
9942,User
9943,User
9945,User
9946,User
9947,User
9948,User
8619,User
9949,User
9950,User
9952,User
9953,User
9954,User
9955,User
9957,User
634,User
9959,User
9960,User
5578,User
9962,User
9964,User
9965,User
9967,User
9968,User
9969,User
9970,User
234,User
9971,User
9972,User
3325,User
9974,User
9975,User
9977,User
9978,User
9980,User
9981,User
9982,User
9983,User
9984,User
9985,User
9986,User
9987,User
9988,User
9990,User
9994,User
9995,User
9085,User
9996,User
9997,User
9998,User
9999,User
10000,User
10002,User
10005,User
10006,User
10007,User
10008,User
10009,User
10010,User
10011,User
10012,User
10013,User
10014,User
10016,User
10022,User
10023,User
10024,User
10026,User
10032,User
10034,User
10036,User
10037,User
10038,User
10039,User
10040,User
10041,User
10042,User
10045,User
10046,User
10047,User
10048,User
10049,User
10050,User
10052,User
3117,User
10054,User
67,User
10055,User
10056,User
10057,User
10062,User
10063,User
10065,User
10066,User
10067,User
10068,User
10071,User
10074,User
10075,User
10076,User
10079,User
10080,User
10081,User
10083,User
10085,User
10086,User
10087,User
10088,User
10089,User
10090,User
10092,User
10093,User
10095,User
10096,User
10097,User
10098,User
10099,User
10100,User
10101,User
10102,User
10103,User
10104,User
10106,User
10111,User
10112,User
10113,User
10114,User
10115,User
10117,User
1411,User
7417,User
10119,User
10120,User
10122,User
10123,User
10124,User
10125,User
10126,User
10127,User
10128,User
10129,User
10131,User
10133,User
10134,User
10135,User
10136,User
10138,User
10139,User
10140,User
2150,User
10141,User
10142,User
6707,User
10145,User
10146,User
10148,User
10150,User
10153,User
10155,User
10157,User
10158,User
10159,User
10160,User
10162,User
10163,User
10165,User
10166,User
10167,User
10169,User
10170,User
10171,User
10172,User
10175,User
10177,User
10182,User
10183,User
10185,User
10187,User
10189,User
10190,User
10191,User
10192,User
10193,User
3489,User
10197,User
10200,User
10201,User
10203,User
10205,User
10209,User
10210,User
9438,User
10213,User
10214,User
10216,User
10218,User
10219,User
10220,User
10221,User
10222,User
3862,User
10223,User
10224,User
10225,User
10226,User
10228,User
10229,User
10230,User
2967,User
10232,User
10233,User
10234,User
10235,User
10237,User
10241,User
10242,User
10244,User
10247,User
10248,User
10249,User
10251,User
10252,User
10253,User
10257,User
10259,User
10261,User
10262,User
10263,User
10265,User
10267,User
10269,User
10271,User
10272,User
10273,User
10274,User
10275,User
10276,User
10277,User
10280,User
10281,User
10282,User
10283,User
10284,User
10286,User
10288,User
10289,User
10290,User
10294,User
10296,User
10297,User
10299,User
10300,User
10303,User
10304,User
5949,User
10308,User
10309,User
10310,User
10312,User
10313,User
10314,User
10315,User
10317,User
10318,User
10320,User
10325,User
10327,User
10330,User
10331,User
10333,User
10334,User
10335,User
10336,User
10338,User
10340,User
10341,User
10342,User
10343,User
10345,User
10346,User
10347,User
10348,User
10349,User
10351,User
10353,User
10354,User
10355,User
10356,User
10358,User
6710,User
10359,User
10361,User
10362,User
10363,User
10365,User
10366,User
10367,User
10211,User
10368,User
10369,User
10370,User
10372,User
10375,User
10376,User
10377,User
10379,User
10381,User
10382,User
2399,User
10383,User
10384,User
10387,User
10388,User
10389,User
10391,User
10392,User
10393,User
10396,User
10398,User
10399,User
10401,User
10402,User
10403,User
10404,User
10405,User
10406,User
10408,User
10409,User
10410,User
10411,User
10412,User
10413,User
10414,User
2174,User
10415,User
10416,User
10417,User
10418,User
10419,User
10421,User
6525,User
10424,User
10428,User
10429,User
10430,User
10432,User
10433,User
10434,User
10438,User
10439,User
10442,User
10443,User
10444,User
10445,User
10446,User
10449,User
10450,User
10452,User
10453,User
10454,User
10456,User
10458,User
10459,User
10465,User
10466,User
10467,User
10471,User
10475,User
10478,User
10481,User
10482,User
10483,User
7519,User
10485,User
10486,User
10487,User
7349,User
10489,User
10490,User
10492,User
10493,User
10494,User
10495,User
10498,User
10499,User
10501,User
10502,User
10504,User
10505,User
10507,User
10508,User
10510,User
10511,User
10513,User
10514,User
1036,User
10516,User
10517,User
10519,User
1271,User
10521,User
10522,User
10523,User
10524,User
10526,User
10527,User
10529,User
10530,User
10531,User
10532,User
10534,User
10535,User
10536,User
10537,User
10540,User
10541,User
10542,User
10543,User
10544,User
10545,User
10548,User
10550,User
10552,User
10555,User
10556,User
10557,User
10558,User
10559,User
10560,User
10563,User
10566,User
10567,User
10568,User
10569,User
10570,User
10573,User
10576,User
10578,User
10580,User
10582,User
10584,User
10585,User
10586,User
10587,User
1013,User
10589,User
10590,User
10592,User
10593,User
10595,User
10596,User
10597,User
10598,User
10599,User
10600,User
10602,User
10603,User
10604,User
10605,User
10606,User
10607,User
10608,User
10609,User
10611,User
10613,User
10615,User
10616,User
10618,User
10620,User
10623,User
4430,User
10624,User
10625,User
10626,User
10629,User
10630,User
10632,User
10633,User
10635,User
10638,User
10639,User
10640,User
10642,User
10643,User
10644,User
10645,User
10646,User
10647,User
10648,User
10651,User
10652,User
10653,User
10655,User
10656,User
10657,User
10659,User
10660,User
10663,User
10664,User
10665,User
10666,User
10668,User
8722,User
10670,User
10671,User
10672,User
10673,User
10675,User
10676,User
10677,User
10678,User
10679,User
10683,User
10685,User
10687,User
10688,User
10689,User
10692,User
10693,User
10694,User
10700,User
10701,User
10702,User
10704,User
3281,User
21,User
10706,User
10708,User
10709,User
10710,User
10712,User
10716,User
10717,User
10718,User
10719,User
10721,User
10722,User
10723,User
10725,User
10726,User
10729,User
10730,User
10731,User
10732,User
10735,User
10736,User
10737,User
10738,User
10739,User
10740,User
10741,User
10742,User
10743,User
10745,User
10746,User
10747,User
10748,User
10753,User
10755,User
10762,User
10763,User
10764,User
10765,User
10766,User
10769,User
10771,User
10773,User
10774,User
10775,User
10776,User
10777,User
10783,User
10784,User
10785,User
10788,User
10789,User
10790,User
10792,User
10794,User
10796,User
10797,User
10798,User
10799,User
10800,User
10801,User
10802,User
10804,User
10805,User
10807,User
10808,User
10809,User
10810,User
10811,User
10812,User
10815,User
10816,User
10817,User
10818,User
10819,User
10820,User
10821,User
10822,User
10824,User
10827,User
10828,User
10829,User
10830,User
10831,User
10832,User
10833,User
10834,User
10836,User
10837,User
10839,User
467,User
10841,User
10842,User
10843,User
10844,User
10845,User
10846,User
10847,User
10850,User
10851,User
10856,User
10857,User
10858,User
10859,User
10860,User
10861,User
3370,User
10869,User
10870,User
1067,User
10876,User
10877,User
10879,User
10883,User
10885,User
8618,User
10886,User
10887,User
10888,User
10889,User
10892,User
10893,User
10894,User
10895,User
10896,User
10899,User
10900,User
10901,User
10903,User
10905,User
10906,User
10907,User
10909,User
7925,User
10910,User
10911,User
10916,User
10917,User
10919,User
10920,User
10925,User
10926,User
10927,User
10929,User
10930,User
10931,User
10932,User
10935,User
10938,User
10939,User
10940,User
10941,User
10942,User
10945,User
10947,User
10950,User
7195,User
10951,User
10953,User
10954,User
10956,User
10957,User
10958,User
10962,User
10963,User
10964,User
10969,User
10970,User
10971,User
10972,User
10973,User
8045,User
5556,User
10980,User
10981,User
10982,User
10983,User
10985,User
10986,User
518,User
10989,User
10990,User
10991,User
10992,User
10993,User
10994,User
10995,User
10996,User
10997,User
10999,User
10634,User
11001,User
11003,User
11004,User
11005,User
11006,User
11007,User
11008,User
11009,User
11012,User
11013,User
11014,User
11016,User
11018,User
11019,User
11020,User
11021,User
1635,User
11024,User
11025,User
11026,User
11030,User
11033,User
11035,User
11036,User
11038,User
11039,User
11040,User
11041,User
11042,User
11044,User
11046,User
11047,User
5447,User
11049,User
11050,User
11051,User
11052,User
11053,User
11054,User
11055,User
11056,User
11057,User
11058,User
11061,User
11066,User
11067,User
11069,User
11070,User
3714,User
11073,User
11074,User
11075,User
11076,User
11077,User
11081,User
11082,User
11083,User
11084,User
11085,User
11088,User
11089,User
11090,User
4909,User
11091,User
11093,User
11094,User
11095,User
11096,User
11097,User
11098,User
11100,User
11101,User
11102,User
11106,User
11111,User
11112,User
11113,User
11114,User
11117,User
11118,User
11119,User
11120,User
11121,User
11127,User
11128,User
11129,User
11130,User
11131,User
11132,User
11135,User
11136,User
11137,User
11138,User
11139,User
11140,User
11141,User
11143,User
11144,User
11145,User
11147,User
11149,User
11150,User
11151,User
11152,User
11155,User
11159,User
11160,User
11162,User
11164,User
11165,User
11166,User
11167,User
11170,User
11171,User
11172,User
11174,User
11175,User
11177,User
11178,User
11181,User
3268,User
11182,User
11185,User
11187,User
11188,User
11189,User
11190,User
11191,User
11193,User
11194,User
11195,User
11196,User
11198,User
11199,User
11200,User
11201,User
11202,User
